{
    "result": {
        "loss": 0.14514642004047212,
        "roc": 0.9558465470126499
    }
}